-- phpMyAdmin SQL Dump
-- version 5.1.1
-- https://www.phpmyadmin.net/
--
-- Host: 127.0.0.1
-- Generation Time: Oct 06, 2022 at 06:30 AM
-- Server version: 10.4.22-MariaDB
-- PHP Version: 7.4.26

SET SQL_MODE = "NO_AUTO_VALUE_ON_ZERO";
START TRANSACTION;
SET time_zone = "+00:00";


/*!40101 SET @OLD_CHARACTER_SET_CLIENT=@@CHARACTER_SET_CLIENT */;
/*!40101 SET @OLD_CHARACTER_SET_RESULTS=@@CHARACTER_SET_RESULTS */;
/*!40101 SET @OLD_COLLATION_CONNECTION=@@COLLATION_CONNECTION */;
/*!40101 SET NAMES utf8mb4 */;

--
-- Database: `mini_rt`
--

-- --------------------------------------------------------

--
-- Table structure for table `categories`
--

CREATE TABLE `categories` (
  `id` int(11) NOT NULL,
  `name` varchar(225) NOT NULL,
  `user_id` int(11) NOT NULL
) ENGINE=InnoDB DEFAULT CHARSET=utf8;

--
-- Dumping data for table `categories`
--

INSERT INTO `categories` (`id`, `name`, `user_id`) VALUES
(1, 'ປະເພດເຄື່ອງດື່ມ', 1),
(3, 'ປະເພດຜັດ', 1),
(4, 'ປະເພດຕຳ', 1),
(5, 'ປະເພດເຄື່ອງແຫ້ງ', 1),
(6, 'ປະເພດຍຳ', 1),
(7, 'ປະເພດຕົ້ມ', 1);

-- --------------------------------------------------------

--
-- Table structure for table `language`
--

CREATE TABLE `language` (
  `language_id` varchar(5) COLLATE utf8_unicode_ci NOT NULL COMMENT 'Primary language ID',
  `language` varchar(3) COLLATE utf8_unicode_ci NOT NULL COMMENT 'Language code',
  `country` varchar(3) COLLATE utf8_unicode_ci NOT NULL COMMENT 'Country code',
  `name` varchar(32) COLLATE utf8_unicode_ci NOT NULL COMMENT 'Country name',
  `name_ascii` varchar(32) COLLATE utf8_unicode_ci NOT NULL COMMENT 'Country name for ascii',
  `status` smallint(6) NOT NULL COMMENT 'Status'
) ENGINE=InnoDB DEFAULT CHARSET=utf8 COLLATE=utf8_unicode_ci ROW_FORMAT=DYNAMIC;

-- --------------------------------------------------------

--
-- Table structure for table `language_source`
--

CREATE TABLE `language_source` (
  `id` int(11) NOT NULL COMMENT 'Primary key of table is auto increment',
  `category` varchar(32) COLLATE utf8_unicode_ci DEFAULT NULL COMMENT 'Category is type varible text in source code',
  `message` text COLLATE utf8_unicode_ci DEFAULT NULL COMMENT 'Message is label  text in source code'
) ENGINE=InnoDB DEFAULT CHARSET=utf8 COLLATE=utf8_unicode_ci COMMENT='Store data of language source' ROW_FORMAT=DYNAMIC;

-- --------------------------------------------------------

--
-- Table structure for table `language_translate`
--

CREATE TABLE `language_translate` (
  `id` int(11) NOT NULL COMMENT 'Primary key of table is auto increment',
  `language` varchar(5) COLLATE utf8_unicode_ci NOT NULL COMMENT 'Language code',
  `translation` text COLLATE utf8_unicode_ci DEFAULT NULL COMMENT 'Text translate from source code'
) ENGINE=InnoDB DEFAULT CHARSET=utf8 COLLATE=utf8_unicode_ci COMMENT='Store data of language translate' ROW_FORMAT=DYNAMIC;

-- --------------------------------------------------------

--
-- Table structure for table `menu`
--

CREATE TABLE `menu` (
  `id` int(11) NOT NULL,
  `photo` varchar(255) DEFAULT NULL,
  `name` varchar(255) NOT NULL,
  `qty` int(11) DEFAULT NULL,
  `prices` decimal(10,0) NOT NULL,
  `categories_id` int(11) NOT NULL,
  `user_id` int(11) NOT NULL
) ENGINE=InnoDB DEFAULT CHARSET=utf8;

--
-- Dumping data for table `menu`
--

INSERT INTO `menu` (`id`, `photo`, `name`, `qty`, `prices`, `categories_id`, `user_id`) VALUES
(9, 'Pic_2022090603090239.jpg', 'ເບຍລາວ', 650, '150000', 1, 1),
(10, 'Pic_2022092811092228.jpg', 'ຕຳລ້ອນເສັ້ນ', NULL, '16000', 4, 1),
(11, 'Pic_2022092811095825.webp', 'ເບຍແມ່ຂອງ', 10, '15000', 1, 1),
(12, 'Pic_2022092811094822.webp', 'ປາແຫ້ງ', NULL, '20000', 5, 1),
(13, 'Pic_2022092811091023.webp', 'ເບຍຊ້າງ', 20, '16000', 1, 1),
(14, 'Pic_2022092811092823.webp', 'ຍຳປາມຶກ', NULL, '40000', 6, 1),
(15, 'Pic_2022092811095423.jpg', 'ຕໍາປາມຶກ', NULL, '40000', 4, 1),
(16, 'Pic_2022092811091424.jpg', 'ຍໍາທະເລ', NULL, '40000', 4, 1),
(17, 'Pic_2022092811093424.webp', 'ຍຳສະໃບນາງ', NULL, '30000', 6, 1),
(18, 'Pic_2022092811090325.webp', 'ຍຳໃຊ້ຕັນ', NULL, '50000', 6, 1),
(19, 'Pic_2022092811092825.webp', 'ຍຳແຊວມ້ອນ', NULL, '79000', 6, 1),
(20, 'Pic_2022082502083108.jpg', 'ຕົ້ມຍຳທະເລ', NULL, '50000', 7, 1),
(21, 'Pic_2022082502085108.jpg', 'ຕົ້ມຍຳປາເຄິງ', NULL, '50000', 7, 1),
(22, 'Pic_2022082502081609.jpg', 'ຕົ້ມຍຳກ້ງ', NULL, '50000', 7, 1),
(23, 'Pic_2022082502083709.jpg', 'ຕົ້ມແຊບດູກໝູ', NULL, '40000', 7, 1),
(24, 'Pic_2022082502085809.jpg', 'ຕົ້ມສົ້ມປາ', NULL, '50000', 7, 1),
(25, 'Pic_2022082502080112.jpg', 'ຜັດລາດໜ້າທະເລ', NULL, '20000', 3, 1),
(26, 'Pic_2022082502082612.jpg', 'ຜັດລາດໜ້າໝູ', NULL, '15000', 3, 1),
(27, 'Pic_2022082502084612.jpg', 'ເຂົ້າຜັດກຸ້ມ', NULL, '20000', 3, 1),
(28, 'Pic_2022082502081413.jpg', 'ຜັດຂີ້ເມົາທະເລ', NULL, '20000', 3, 1),
(29, 'Pic_2022082502082113.jpg', 'ຜັດຂີ້ເມົາໝູ', NULL, '20000', 3, 1),
(30, 'Pic_2022082502084513.jpg', 'ຜັດໝູເຫັດເຂັມ', NULL, '20000', 3, 1),
(31, 'Pic_2022082502080014.jpg', 'ຜັດທະເລເຫັດເຂັມ', NULL, '20000', 3, 1),
(32, 'Pic_2022082502083914.jpg', 'ກະເພົາໝູ', NULL, '30000', 3, 1),
(33, 'Pic_2022082502080515.jpg', 'ເຂົ້າຜັດທະເລ', NULL, '35000', 3, 1),
(34, 'Pic_2022090603092740.webp', 'ນໍ້າຫົວເສືອ 350 ມລ', 24, '5000', 1, 1);

-- --------------------------------------------------------

--
-- Table structure for table `migration`
--

CREATE TABLE `migration` (
  `version` varchar(180) NOT NULL,
  `apply_time` int(11) DEFAULT NULL
) ENGINE=InnoDB DEFAULT CHARSET=utf8;

--
-- Dumping data for table `migration`
--

INSERT INTO `migration` (`version`, `apply_time`) VALUES
('m000000_000000_base', 1641477328),
('m130524_201442_init', 1641477332),
('m190124_110200_add_verification_token_column_to_user_table', 1641477332);

-- --------------------------------------------------------

--
-- Table structure for table `prepare_menu`
--

CREATE TABLE `prepare_menu` (
  `id` int(11) NOT NULL,
  `table_id` int(11) DEFAULT NULL,
  `menu_id` int(11) DEFAULT NULL,
  `qty` int(11) DEFAULT NULL,
  `price` decimal(10,2) DEFAULT NULL,
  `amount` decimal(10,2) DEFAULT NULL,
  `checkbill` varchar(7) DEFAULT NULL,
  `user_id` int(11) DEFAULT NULL
) ENGINE=InnoDB DEFAULT CHARSET=utf8;

--
-- Dumping data for table `prepare_menu`
--

INSERT INTO `prepare_menu` (`id`, `table_id`, `menu_id`, `qty`, `price`, `amount`, `checkbill`, `user_id`) VALUES
(881, 1, 9, 11, '150000.00', '1650000.00', 'Waiting', NULL),
(882, 1, 10, 1, '16000.00', '16000.00', 'Waiting', NULL),
(883, 1, 11, 1, '15000.00', '15000.00', 'Waiting', NULL),
(884, 1, 13, 1, '16000.00', '16000.00', 'Waiting', NULL),
(885, 1, 12, 2, '20000.00', '40000.00', 'Waiting', NULL);

-- --------------------------------------------------------

--
-- Table structure for table `purchase`
--

CREATE TABLE `purchase` (
  `id` int(11) NOT NULL,
  `date` date DEFAULT NULL,
  `menu_id` int(11) NOT NULL,
  `qty` int(11) DEFAULT NULL,
  `price` decimal(10,0) DEFAULT NULL,
  `amount` decimal(10,0) DEFAULT NULL,
  `user_id` int(11) DEFAULT NULL,
  `description` text DEFAULT NULL
) ENGINE=InnoDB DEFAULT CHARSET=utf8;

--
-- Dumping data for table `purchase`
--

INSERT INTO `purchase` (`id`, `date`, `menu_id`, `qty`, `price`, `amount`, `user_id`, `description`) VALUES
(46, NULL, 11, 20, '2000', '40000', NULL, ''),
(53, '2022-09-30', 9, 20, '20000', '400000', NULL, '00000'),
(54, NULL, 9, 9, '10000', '90000', NULL, 'kkkkko'),
(55, '2022-09-30', 9, 10, '120000', '1200000', NULL, '4454;llllllllllllllll'),
(56, '2022-09-15', 9, 500, '11000', '5500000', NULL, ''),
(57, '2022-09-24', 2147483647, NULL, NULL, '500000', NULL, '້ື້ື້ື ື້ື້່ທ');

-- --------------------------------------------------------

--
-- Table structure for table `sale`
--

CREATE TABLE `sale` (
  `id` int(25) NOT NULL,
  `table_id` int(11) DEFAULT NULL,
  `menu_id` int(11) DEFAULT NULL,
  `qty` int(255) DEFAULT NULL,
  `price` decimal(15,2) DEFAULT NULL,
  `amount` decimal(15,2) DEFAULT NULL,
  `date` date DEFAULT NULL,
  `time` time DEFAULT NULL,
  `user_id` int(11) DEFAULT NULL,
  `bill_no` int(15) DEFAULT NULL
) ENGINE=InnoDB DEFAULT CHARSET=utf8;

--
-- Dumping data for table `sale`
--

INSERT INTO `sale` (`id`, `table_id`, `menu_id`, `qty`, `price`, `amount`, `date`, `time`, `user_id`, `bill_no`) VALUES
(184, 4, 9, 1, '10000.00', '10000.00', '2022-08-28', '00:00:00', 1, 1),
(185, 4, 10, 3, '16000.00', '48000.00', '2022-08-28', '00:00:00', 1, 1),
(186, 4, 10, 3, '16000.00', '48000.00', '2022-08-28', '00:00:00', 1, 185),
(187, 4, 31, 3, '20000.00', '60000.00', '2022-08-28', '00:00:00', 1, 185),
(188, 4, 30, 1, '20000.00', '20000.00', '2022-08-28', '00:00:00', 1, 185),
(189, 7, 10, 1, '16000.00', '16000.00', '2022-08-28', '00:00:00', 1, 188),
(190, 7, 11, 1, '15000.00', '15000.00', '2022-08-28', '00:00:00', 1, 188),
(191, 4, 18, 1, '50000.00', '50000.00', '2022-08-28', '00:00:00', 1, 190),
(192, 4, 19, 3, '79000.00', '237000.00', '2022-08-28', '00:00:00', 1, 190),
(193, 4, 9, 2, '10000.00', '20000.00', '2022-08-28', '00:00:00', 1, 192),
(194, 4, 10, 1, '16000.00', '16000.00', '2022-08-28', '00:00:00', 1, 192),
(195, 4, 11, 1, '15000.00', '15000.00', '2022-08-28', '00:00:00', 1, 192),
(196, 6, 11, 2, '15000.00', '30000.00', '2022-08-28', '00:00:00', 1, 195),
(197, 5, 10, 1, '16000.00', '16000.00', '2022-08-28', '00:00:00', 1, 196),
(198, 5, 11, 2, '15000.00', '30000.00', '2022-08-28', '00:00:00', 1, 196),
(199, 4, 9, 1, '10000.00', '10000.00', '2022-08-28', '00:00:00', 1, 198),
(200, 4, 10, 1, '16000.00', '16000.00', '2022-08-28', '00:00:00', 1, 198),
(201, 4, 11, 2, '15000.00', '30000.00', '2022-08-28', '00:00:00', 1, 198),
(202, 5, 9, 2, '10000.00', '20000.00', '2022-08-28', '00:00:00', 1, 201),
(203, 5, 10, 2, '16000.00', '32000.00', '2022-08-28', '00:00:00', 1, 201),
(204, 5, 11, 2, '15000.00', '30000.00', '2022-08-28', '00:00:00', 1, 201),
(205, 6, 10, 1, '16000.00', '16000.00', '2022-08-28', '00:00:00', 1, 204),
(206, 6, 11, 3, '15000.00', '45000.00', '2022-08-28', '00:00:00', 1, 204),
(207, 6, 9, 5, '10000.00', '50000.00', '2022-08-28', '00:00:00', 1, 206),
(208, 6, 10, 2, '16000.00', '32000.00', '2022-08-28', '00:00:00', 1, 206),
(209, 6, 9, 2, '10000.00', '20000.00', '2022-08-28', '00:00:00', 1, 208),
(210, 6, 10, 1, '16000.00', '16000.00', '2022-08-28', '00:00:00', 1, 208),
(211, 6, 11, 1, '15000.00', '15000.00', '2022-08-28', '00:00:00', 1, 208),
(212, 6, 10, 1, '16000.00', '16000.00', '2022-08-28', '00:00:00', 1, 211),
(213, 6, 11, 2, '15000.00', '30000.00', '2022-08-28', '00:00:00', 1, 211),
(214, 4, 10, 1, '16000.00', '16000.00', '2022-08-28', '00:00:00', 1, 213),
(215, 4, 11, 3, '15000.00', '45000.00', '2022-08-28', '00:00:00', 1, 213),
(216, 7, 12, 2, '20000.00', '40000.00', '2022-08-28', '00:00:00', 1, 215),
(217, 7, 9, 8, '10000.00', '80000.00', '2022-08-28', '00:00:00', 1, 215),
(218, 7, 10, 2, '16000.00', '32000.00', '2022-08-28', '00:00:00', 1, 215),
(219, 7, 14, 3, '40000.00', '120000.00', '2022-08-28', '00:00:00', 1, 215),
(220, 5, 10, 1, '16000.00', '16000.00', '2022-08-28', '00:00:00', 1, 219),
(221, 5, 11, 2, '15000.00', '30000.00', '2022-08-28', '00:00:00', 1, 219),
(222, 7, 12, 1, '20000.00', '20000.00', '2022-08-28', '00:00:00', 1, 221),
(223, 7, 13, 1, '16000.00', '16000.00', '2022-08-28', '00:00:00', 1, 221),
(224, 7, 14, 2, '40000.00', '80000.00', '2022-08-28', '00:00:00', 1, 221),
(225, 2, 9, 3, '10000.00', '30000.00', '2022-08-28', '00:00:00', 1, 224),
(226, 2, 10, 2, '16000.00', '32000.00', '2022-08-28', '00:00:00', 1, 224),
(227, 2, 11, 1, '15000.00', '15000.00', '2022-08-28', '00:00:00', 1, 224),
(228, 5, 9, 3, '10000.00', '30000.00', '2022-08-28', '00:00:00', 1, 227),
(229, 5, 10, 1, '16000.00', '16000.00', '2022-08-28', '00:00:00', 1, 227),
(230, 8, 9, 3, '10000.00', '30000.00', '2022-08-28', '00:00:00', 1, 229),
(231, 8, 10, 1, '16000.00', '16000.00', '2022-08-28', '00:00:00', 1, 229),
(232, 8, 14, 1, '40000.00', '40000.00', '2022-08-28', '00:00:00', 1, 229),
(233, 2, 9, 2, '10000.00', '20000.00', '2022-08-28', '00:00:00', 1, 232),
(234, 2, 10, 1, '16000.00', '16000.00', '2022-08-28', '00:00:00', 1, 232),
(235, 4, 9, 1, '10000.00', '10000.00', '2022-08-28', '00:00:00', 1, 234),
(236, 4, 10, 2, '16000.00', '32000.00', '2022-08-28', '00:00:00', 1, 234),
(237, 2, 11, 1, '15000.00', '15000.00', '2022-08-28', '00:00:00', 1, 236),
(238, 2, 17, 1, '30000.00', '30000.00', '2022-08-28', '00:00:00', 1, 236),
(239, 2, 23, 1, '40000.00', '40000.00', '2022-08-28', '00:00:00', 1, 236),
(240, 2, 9, 2, '10000.00', '20000.00', '2022-08-28', '00:00:00', 1, 239),
(241, 2, 11, 1, '15000.00', '15000.00', '2022-08-28', '00:00:00', 1, 239),
(242, 2, 13, 1, '16000.00', '16000.00', '2022-08-28', '00:00:00', 1, 239),
(243, 4, 10, 2, '16000.00', '32000.00', '2022-08-28', '00:00:00', 1, 242),
(244, 4, 11, 1, '15000.00', '15000.00', '2022-08-28', '00:00:00', 1, 242),
(245, 4, 9, 1, '10000.00', '10000.00', '2022-08-28', '00:00:00', 1, 242),
(246, 2, 10, 1, '16000.00', '16000.00', '2022-08-28', '00:00:00', 1, 245),
(247, 2, 9, 2, '10000.00', '20000.00', '2022-08-28', '00:00:00', 1, 245),
(248, 5, 11, 1, '15000.00', '15000.00', '2022-08-28', '00:00:00', 1, 247),
(249, 5, 10, 1, '16000.00', '16000.00', '2022-08-28', '00:00:00', 1, 247),
(250, 5, 9, 1, '10000.00', '10000.00', '2022-08-28', '00:00:00', 1, 249),
(251, 5, 10, 4, '16000.00', '64000.00', '2022-08-28', '00:00:00', 1, 249),
(252, 4, 9, 1, '10000.00', '10000.00', '2022-08-28', '00:00:00', NULL, 251),
(253, 4, 10, 1, '16000.00', '16000.00', '2022-08-28', '00:00:00', NULL, 251),
(254, 4, 11, 1, '15000.00', '15000.00', '2022-08-28', '00:00:00', NULL, 251),
(255, 4, 14, 2, '40000.00', '80000.00', '2022-08-28', '00:00:00', NULL, 251),
(256, 2, 11, 1, '15000.00', '15000.00', '2022-08-29', '00:00:00', 1, 255),
(257, 2, 9, 3, '10000.00', '30000.00', '2022-08-29', '00:00:00', 1, 255),
(258, 12, 13, 2, '16000.00', '32000.00', '2022-08-30', '00:00:00', 1, 257),
(259, 12, 14, 1, '40000.00', '40000.00', '2022-08-30', '00:00:00', 1, 257),
(260, 12, 11, 2, '15000.00', '30000.00', '2022-08-30', '00:00:00', 1, 257),
(261, 5, 9, 1, '10000.00', '10000.00', '2022-08-30', '00:00:00', 1, 260),
(262, 5, 10, 1, '16000.00', '16000.00', '2022-08-30', '00:00:00', 1, 260),
(263, 5, 11, 3, '15000.00', '45000.00', '2022-08-30', '00:00:00', 1, 260),
(264, 5, 26, 1, '15000.00', '15000.00', '2022-08-30', '00:00:00', 1, 260),
(265, 5, 10, 3, '16000.00', '48000.00', '2022-09-03', '00:00:00', 1, 264),
(266, 5, 11, 1, '15000.00', '15000.00', '2022-09-03', '00:00:00', 1, 264),
(267, 5, 14, 1, '40000.00', '40000.00', '2022-09-03', '00:00:00', 1, 264),
(268, 4, 9, 5, '10000.00', '50000.00', '2022-09-03', '00:00:00', 1, 267),
(269, 4, 10, 2, '16000.00', '32000.00', '2022-09-03', '00:00:00', 1, 267),
(270, 4, 11, 2, '15000.00', '30000.00', '2022-09-03', '00:00:00', 1, 267),
(271, 4, 13, 1, '16000.00', '16000.00', '2022-09-03', '00:00:00', 1, 267),
(272, 4, 9, 1, '10000.00', '10000.00', '2022-09-03', '00:00:00', 1, 271),
(273, 4, 10, 2, '16000.00', '32000.00', '2022-09-03', '00:00:00', 1, 271),
(274, 4, 11, 1, '15000.00', '15000.00', '2022-09-03', '00:00:00', 1, 271),
(275, 5, 12, 4, '20000.00', '80000.00', '2022-09-03', '00:00:00', 1, 274),
(276, 5, 13, 2, '16000.00', '32000.00', '2022-09-03', '00:00:00', 1, 274),
(277, 5, 14, 1, '40000.00', '40000.00', '2022-09-03', '00:00:00', 1, 274),
(278, 5, 11, 1, '15000.00', '15000.00', '2022-09-03', '00:00:00', 1, 274),
(279, 2, 11, 1, '15000.00', '15000.00', '2022-09-03', '00:00:00', 1, 278),
(280, 2, 14, 2, '40000.00', '80000.00', '2022-09-03', '00:00:00', 1, 278),
(281, 2, 11, 3, '15000.00', '45000.00', '2022-09-03', '00:00:00', 1, 280),
(282, 2, 10, 2, '16000.00', '32000.00', '2022-09-03', '00:00:00', 1, 280),
(283, 2, 13, 1, '16000.00', '16000.00', '2022-09-03', '00:00:00', 1, 280),
(284, 4, 10, 3, '16000.00', '48000.00', '2022-09-03', '00:00:00', 1, 283),
(285, 4, 11, 1, '15000.00', '15000.00', '2022-09-03', '00:00:00', 1, 283),
(286, 4, 14, 2, '40000.00', '80000.00', '2022-09-03', '00:00:00', 1, 283),
(287, 4, 9, 1, '10000.00', '10000.00', '2022-09-03', '00:00:00', 1, 283),
(288, 4, 15, 3, '40000.00', '120000.00', '2022-09-03', '00:00:00', 1, 283),
(289, 4, 9, 8, '10000.00', '80000.00', '2022-09-03', '00:00:00', 1, 288),
(290, 4, 10, 2, '16000.00', '32000.00', '2022-09-03', '00:00:00', 1, 288),
(291, 4, 16, 1, '40000.00', '40000.00', '2022-09-03', '00:00:00', 1, 288),
(292, 4, 15, 2, '40000.00', '80000.00', '2022-09-03', '00:00:00', 1, 288),
(293, 4, 21, 1, '50000.00', '50000.00', '2022-09-03', '00:00:00', 1, 288),
(294, 2, 10, 2, '16000.00', '32000.00', '2022-09-03', '00:00:00', 1, 293),
(295, 2, 11, 2, '15000.00', '30000.00', '2022-09-03', '00:00:00', 1, 293),
(296, 2, 9, 2, '10000.00', '20000.00', '2022-09-03', '00:00:00', 1, 293),
(297, 2, 9, 5, '10000.00', '50000.00', '2022-09-03', '00:00:00', 1, 296),
(298, 2, 10, 4, '16000.00', '64000.00', '2022-09-03', '00:00:00', 1, 296),
(299, 2, 11, 2, '15000.00', '30000.00', '2022-09-03', '00:00:00', 1, 296),
(300, 2, 12, 2, '20000.00', '40000.00', '2022-09-03', '00:00:00', 1, 296),
(301, 2, 13, 1, '16000.00', '16000.00', '2022-09-03', '00:00:00', 1, 296),
(302, 5, 9, 2, '10000.00', '20000.00', '2022-09-03', '00:00:00', 1, 301),
(303, 5, 10, 1, '16000.00', '16000.00', '2022-09-03', '00:00:00', 1, 301),
(304, 5, 11, 1, '15000.00', '15000.00', '2022-09-03', '00:00:00', 1, 301),
(305, 5, 9, 6, '10000.00', '60000.00', '2022-09-03', '00:00:00', 1, 304),
(306, 5, 10, 2, '16000.00', '32000.00', '2022-09-03', '00:00:00', 1, 304),
(307, 5, 14, 1, '40000.00', '40000.00', '2022-09-03', '00:00:00', 1, 304),
(308, 5, 19, 1, '79000.00', '79000.00', '2022-09-03', '00:00:00', 1, 304),
(309, 5, 18, 1, '50000.00', '50000.00', '2022-09-03', '00:00:00', 1, 304),
(310, 5, 21, 1, '50000.00', '50000.00', '2022-09-03', '00:00:00', 1, 304),
(311, 5, 9, 6, '10000.00', '60000.00', '2022-09-03', '00:00:00', 1, 310),
(312, 5, 10, 1, '16000.00', '16000.00', '2022-09-03', '00:00:00', 1, 310),
(313, 5, 11, 1, '15000.00', '15000.00', '2022-09-03', '00:00:00', 1, 310),
(314, 6, 9, 12, '10000.00', '120000.00', '2022-09-03', '00:00:00', 1, 313),
(315, 6, 10, 1, '16000.00', '16000.00', '2022-09-03', '00:00:00', 1, 313),
(316, 6, 11, 1, '15000.00', '15000.00', '2022-09-03', '00:00:00', 1, 313),
(317, 6, 13, 1, '16000.00', '16000.00', '2022-09-03', '00:00:00', 1, 313),
(318, 4, 9, 1, '10000.00', '10000.00', '2022-09-03', '00:00:00', 1, 317),
(319, 4, 10, 2, '16000.00', '32000.00', '2022-09-03', '00:00:00', 1, 317),
(320, 4, 11, 2, '15000.00', '30000.00', '2022-09-03', '00:00:00', 1, 317),
(321, 4, 14, 1, '40000.00', '40000.00', '2022-09-03', '00:00:00', 1, 317),
(322, 5, 10, 1, '16000.00', '16000.00', '2022-09-03', '00:00:00', 1, 321),
(323, 5, 14, 3, '40000.00', '120000.00', '2022-09-03', '00:00:00', 1, 321),
(324, 5, 16, 2, '40000.00', '80000.00', '2022-09-03', '00:00:00', 1, 321),
(325, 5, 9, 10, '10000.00', '100000.00', '2022-09-03', '00:00:00', 1, 324),
(326, 5, 10, 1, '16000.00', '16000.00', '2022-09-03', '00:00:00', 1, 324),
(327, 5, 11, 1, '15000.00', '15000.00', '2022-09-03', '00:00:00', 1, 324),
(328, 5, 14, 1, '40000.00', '40000.00', '2022-09-03', '00:00:00', 1, 324),
(329, 5, 13, 1, '16000.00', '16000.00', '2022-09-03', '00:00:00', 1, 324),
(330, 5, 16, 2, '40000.00', '80000.00', '2022-09-03', '00:00:00', 1, 324),
(331, 2, 9, 12, '10000.00', '120000.00', '2022-09-03', '00:00:00', 1, 330),
(332, 2, 10, 2, '16000.00', '32000.00', '2022-09-03', '00:00:00', 1, 330),
(333, 2, 28, 2, '20000.00', '40000.00', '2022-09-03', '00:00:00', 1, 330),
(334, 2, 27, 1, '20000.00', '20000.00', '2022-09-03', '00:00:00', 1, 330),
(335, 2, 34, 5, '5000.00', '25000.00', '2022-09-03', '00:00:00', 1, 330),
(336, 2, 32, 1, '30000.00', '30000.00', '2022-09-03', '00:00:00', 1, 330),
(337, 6, 13, 1, '16000.00', '16000.00', '2022-09-03', '00:00:00', 1, 336),
(338, 6, 14, 1, '40000.00', '40000.00', '2022-09-03', '00:00:00', 1, 336),
(339, 6, 10, 2, '16000.00', '32000.00', '2022-09-03', '00:00:00', 1, 336),
(340, 5, 9, 2, '10000.00', '20000.00', '2022-09-03', '00:00:00', 1, 339),
(341, 5, 10, 1, '16000.00', '16000.00', '2022-09-03', '00:00:00', 1, 339),
(342, 5, 11, 1, '15000.00', '15000.00', '2022-09-03', '00:00:00', 1, 339),
(343, 5, 14, 1, '40000.00', '40000.00', '2022-09-03', '00:00:00', 1, 339),
(344, 5, 17, 1, '30000.00', '30000.00', '2022-09-03', '00:00:00', 1, 339),
(345, 5, 20, 2, '50000.00', '100000.00', '2022-09-03', '00:00:00', 1, 339),
(346, 5, 9, 1, '10000.00', '10000.00', '2022-09-03', '00:00:00', 1, 345),
(347, 5, 10, 1, '16000.00', '16000.00', '2022-09-03', '00:00:00', 1, 345),
(348, 5, 11, 1, '15000.00', '15000.00', '2022-09-03', '00:00:00', 1, 345),
(349, 2, 32, 1, '30000.00', '30000.00', '2022-09-03', '00:00:00', 1, 348),
(350, 2, 34, 1, '5000.00', '5000.00', '2022-09-03', '00:00:00', 1, 348),
(351, 2, 33, 3, '35000.00', '105000.00', '2022-09-03', '00:00:00', 1, 348),
(352, 5, 10, 3, '16000.00', '48000.00', '2022-09-04', '00:00:00', 1, 351),
(353, 5, 9, 1, '10000.00', '10000.00', '2022-09-04', '00:00:00', 1, 351),
(354, 5, 11, 4, '15000.00', '60000.00', '2022-09-04', '00:00:00', 1, 351),
(355, 6, 12, 2, '20000.00', '40000.00', '2022-09-04', '00:00:00', 1, 354),
(356, 6, 13, 2, '16000.00', '32000.00', '2022-09-04', '00:00:00', 1, 354),
(357, 6, 14, 3, '40000.00', '120000.00', '2022-09-04', '00:00:00', 1, 354),
(358, 5, 10, 1, '16000.00', '16000.00', '2022-09-04', '00:00:00', 1, 357),
(359, 5, 11, 2, '15000.00', '30000.00', '2022-09-04', '00:00:00', 1, 357),
(360, 5, 10, 2, '16000.00', '32000.00', '2022-09-04', '00:00:00', 1, 359),
(361, 5, 11, 1, '15000.00', '15000.00', '2022-09-04', '00:00:00', 1, 359),
(362, 5, 17, 2, '30000.00', '60000.00', '2022-09-04', '00:00:00', 1, 359),
(363, 5, 23, 1, '40000.00', '40000.00', '2022-09-04', '00:00:00', 1, 359),
(364, 8, 10, 1, '16000.00', '16000.00', '2022-09-04', '00:00:00', 1, 363),
(365, 8, 9, 4, '10000.00', '40000.00', '2022-09-04', '00:00:00', 1, 363),
(366, 7, 9, 6, '10000.00', '60000.00', '2022-09-04', '00:00:00', 1, 365),
(367, 7, 10, 2, '16000.00', '32000.00', '2022-09-04', '00:00:00', 1, 365),
(368, 5, 11, 4, '15000.00', '60000.00', '2022-09-04', '00:00:00', 1, 367),
(369, 5, 14, 1, '40000.00', '40000.00', '2022-09-04', '00:00:00', 1, 367),
(370, 5, 13, 1, '16000.00', '16000.00', '2022-09-04', '00:00:00', 1, 367),
(371, 5, 22, 1, '50000.00', '50000.00', '2022-09-04', '00:00:00', 1, 367),
(372, 4, 9, 5, '10000.00', '50000.00', '2022-09-04', '00:00:00', 1, 371),
(373, 8, 9, 6, '10000.00', '60000.00', '2022-09-04', '00:00:00', 1, 372),
(374, 8, 10, 2, '16000.00', '32000.00', '2022-09-04', '00:00:00', 1, 372),
(375, 8, 14, 2, '40000.00', '80000.00', '2022-09-04', '00:00:00', 1, 372),
(376, 8, 16, 1, '40000.00', '40000.00', '2022-09-04', '00:00:00', 1, 372),
(377, 8, 19, 1, '79000.00', '79000.00', '2022-09-04', '00:00:00', 1, 372),
(378, 8, 20, 1, '50000.00', '50000.00', '2022-09-04', '00:00:00', 1, 372),
(379, 7, 9, 3, '10000.00', '30000.00', '2022-09-04', '00:00:00', 1, 378),
(380, 7, 10, 1, '16000.00', '16000.00', '2022-09-04', '00:00:00', 1, 378),
(381, 7, 11, 2, '15000.00', '30000.00', '2022-09-04', '00:00:00', 1, 378),
(382, 4, 11, 6, '15000.00', '90000.00', '2022-09-04', '00:00:00', 1, 381),
(383, 4, 10, 1, '16000.00', '16000.00', '2022-09-04', '00:00:00', 1, 381),
(384, 7, 9, 1, '10000.00', '10000.00', '2022-09-04', '00:00:00', 1, 383),
(385, 7, 10, 1, '16000.00', '16000.00', '2022-09-04', '00:00:00', 1, 383),
(386, 7, 11, 3, '15000.00', '45000.00', '2022-09-04', '00:00:00', 1, 383),
(387, 7, 9, 1, '10000.00', '10000.00', '2022-09-04', '00:00:00', 1, 386),
(388, 7, 10, 1, '16000.00', '16000.00', '2022-09-04', '00:00:00', 1, 386),
(389, 7, 11, 2, '15000.00', '30000.00', '2022-09-04', '00:00:00', 1, 386),
(390, 7, 9, 1, '10000.00', '10000.00', '2022-09-04', '00:00:00', 1, 389),
(391, 7, 10, 1, '16000.00', '16000.00', '2022-09-04', '00:00:00', 1, 389),
(392, 7, 11, 2, '15000.00', '30000.00', '2022-09-04', '00:00:00', 1, 389),
(393, 7, 9, 3, '10000.00', '30000.00', '2022-09-04', '00:00:00', 1, 392),
(394, 7, 10, 2, '16000.00', '32000.00', '2022-09-04', '00:00:00', 1, 392),
(395, 7, 11, 1, '15000.00', '15000.00', '2022-09-04', '00:00:00', 1, 392),
(396, 7, 14, 1, '40000.00', '40000.00', '2022-09-04', '00:00:00', 1, 392),
(397, 7, 13, 1, '16000.00', '16000.00', '2022-09-04', '00:00:00', 1, 392),
(398, 7, 10, 2, '16000.00', '32000.00', '2022-09-04', '00:00:00', 1, 397),
(399, 7, 9, 6, '10000.00', '60000.00', '2022-09-04', '00:00:00', 1, 397),
(400, 7, 11, 1, '15000.00', '15000.00', '2022-09-04', '00:00:00', 1, 397),
(401, 7, 14, 1, '40000.00', '40000.00', '2022-09-04', '00:00:00', 1, 397),
(402, 7, 13, 1, '16000.00', '16000.00', '2022-09-04', '00:00:00', 1, 397),
(403, 7, 12, 1, '20000.00', '20000.00', '2022-09-04', '00:00:00', 1, 397),
(404, 7, 16, 1, '40000.00', '40000.00', '2022-09-04', '00:00:00', 1, 397),
(405, 5, 9, 3, '10000.00', '30000.00', '2022-09-04', '00:00:00', 1, 404),
(406, 5, 11, 2, '15000.00', '30000.00', '2022-09-04', '00:00:00', 1, 404),
(407, 8, 9, 2, '10000.00', '20000.00', '2022-09-04', '00:00:00', 1, 406),
(408, 8, 10, 2, '16000.00', '32000.00', '2022-09-04', '00:00:00', 1, 406),
(409, 8, 11, 1, '15000.00', '15000.00', '2022-09-04', '00:00:00', 1, 406),
(410, 10, 9, 5, '10000.00', '50000.00', '2022-09-04', '00:00:00', 1, 409),
(411, 10, 10, 1, '16000.00', '16000.00', '2022-09-04', '00:00:00', 1, 409),
(412, 10, 11, 1, '15000.00', '15000.00', '2022-09-04', '00:00:00', 1, 409),
(413, 5, 9, 4, '10000.00', '40000.00', '2022-09-05', '00:00:00', 1, 412),
(414, 5, 25, 2, '20000.00', '40000.00', '2022-09-05', '00:00:00', 1, 412),
(415, 5, 22, 2, '50000.00', '100000.00', '2022-09-05', '00:00:00', 1, 412),
(416, 5, 15, 3, '40000.00', '120000.00', '2022-09-05', '00:00:00', 1, 412),
(417, 4, 9, 4, '10000.00', '40000.00', '2022-09-05', '00:00:00', 1, 416),
(418, 4, 10, 1, '16000.00', '16000.00', '2022-09-05', '00:00:00', 1, 416),
(419, 4, 11, 1, '15000.00', '15000.00', '2022-09-05', '00:00:00', 1, 416),
(420, 4, 17, 1, '30000.00', '30000.00', '2022-09-05', '00:00:00', 1, 416),
(421, 10, 9, 1, '10000.00', '10000.00', '2022-09-05', '00:00:00', 1, 420),
(422, 10, 10, 3, '16000.00', '48000.00', '2022-09-05', '00:00:00', 1, 420),
(423, 10, 11, 1, '15000.00', '15000.00', '2022-09-05', '00:00:00', 1, 420),
(424, 7, 10, 1, '16000.00', '16000.00', '2022-09-05', '00:00:00', 1, 423),
(425, 7, 11, 2, '15000.00', '30000.00', '2022-09-05', '00:00:00', 1, 423),
(426, 7, 9, 4, '10000.00', '40000.00', '2022-09-05', '00:00:00', 1, 423),
(427, 7, 14, 4, '40000.00', '160000.00', '2022-09-05', '00:00:00', 1, 423),
(428, 7, 34, 1, '5000.00', '5000.00', '2022-09-05', '00:00:00', 1, 423),
(429, 5, 9, 6, '10000.00', '60000.00', '2022-09-05', '00:00:00', 1, 428),
(430, 5, 10, 1, '16000.00', '16000.00', '2022-09-05', '00:00:00', 1, 428),
(431, 5, 11, 1, '15000.00', '15000.00', '2022-09-05', '00:00:00', 1, 428),
(432, 5, 14, 1, '40000.00', '40000.00', '2022-09-05', '00:00:00', 1, 428),
(433, 5, 34, 5, '5000.00', '25000.00', '2022-09-05', '00:00:00', 1, 428),
(434, 12, 9, 5, '10000.00', '50000.00', '2022-09-05', '00:00:00', 1, 433),
(435, 12, 10, 2, '16000.00', '32000.00', '2022-09-05', '00:00:00', 1, 433),
(436, 12, 11, 1, '15000.00', '15000.00', '2022-09-05', '00:00:00', 1, 433),
(437, 12, 26, 1, '15000.00', '15000.00', '2022-09-05', '00:00:00', 1, 433),
(438, 12, 34, 4, '5000.00', '20000.00', '2022-09-05', '00:00:00', 1, 433),
(439, 12, 30, 1, '20000.00', '20000.00', '2022-09-05', '00:00:00', 1, 433),
(440, 12, 27, 1, '20000.00', '20000.00', '2022-09-05', '00:00:00', 1, 433),
(441, 7, 9, 3, '10000.00', '30000.00', '2022-09-05', '00:00:00', 1, 440),
(442, 7, 10, 2, '16000.00', '32000.00', '2022-09-05', '00:00:00', 1, 440),
(443, 7, 24, 1, '50000.00', '50000.00', '2022-09-05', '00:00:00', 1, 440),
(444, 7, 9, 1, '10000.00', '10000.00', '2022-09-05', '00:00:00', 1, 443),
(445, 7, 10, 1, '16000.00', '16000.00', '2022-09-05', '00:00:00', 1, 443),
(446, 7, 11, 3, '15000.00', '45000.00', '2022-09-05', '00:00:00', 1, 443),
(447, 7, 14, 2, '40000.00', '80000.00', '2022-09-05', '00:00:00', 1, 443),
(448, 7, 10, 1, '16000.00', '16000.00', '2022-09-05', '00:00:00', 1, 447),
(449, 7, 11, 1, '15000.00', '15000.00', '2022-09-05', '00:00:00', 1, 447),
(450, 7, 14, 2, '40000.00', '80000.00', '2022-09-05', '00:00:00', 1, 447),
(451, 7, 9, 6, '10000.00', '60000.00', '2022-09-05', '00:00:00', 1, 447),
(452, 10, 10, 1, '16000.00', '16000.00', '2022-09-05', '00:00:00', 1, 451),
(453, 10, 9, 3, '10000.00', '30000.00', '2022-09-05', '00:00:00', 1, 451),
(454, 4, 9, 3, '10000.00', '30000.00', '2022-09-05', '00:00:00', 1, 453),
(455, 7, 10, 1, '16000.00', '16000.00', '2022-09-05', '00:00:00', 1, 454),
(456, 7, 9, 3, '10000.00', '30000.00', '2022-09-05', '00:00:00', 1, 454),
(457, 7, 11, 1, '15000.00', '15000.00', '2022-09-05', '00:00:00', 1, 454),
(458, 7, 22, 1, '50000.00', '50000.00', '2022-09-05', '00:00:00', 1, 454),
(459, 7, 34, 2, '5000.00', '10000.00', '2022-09-05', '00:00:00', 1, 454),
(460, 4, 9, 5, '10000.00', '50000.00', '2022-09-05', '00:00:00', 1, 459),
(461, 4, 10, 3, '16000.00', '48000.00', '2022-09-05', '00:00:00', 1, 459),
(462, 4, 34, 3, '5000.00', '15000.00', '2022-09-05', '00:00:00', 1, 459),
(463, 8, 9, 4, '10000.00', '40000.00', '2022-09-05', '00:00:00', 1, 462),
(464, 8, 10, 2, '16000.00', '32000.00', '2022-09-05', '00:00:00', 1, 462),
(465, 8, 11, 2, '15000.00', '30000.00', '2022-09-05', '00:00:00', 1, 462),
(466, 8, 14, 2, '40000.00', '80000.00', '2022-09-05', '00:00:00', 1, 462),
(467, 7, 9, 6, '10000.00', '60000.00', '2022-09-05', '00:00:00', 1, 466),
(468, 7, 10, 2, '16000.00', '32000.00', '2022-09-05', '00:00:00', 1, 466),
(469, 7, 11, 1, '15000.00', '15000.00', '2022-09-05', '00:00:00', 1, 466),
(470, 7, 22, 1, '50000.00', '50000.00', '2022-09-05', '00:00:00', 1, 466),
(471, 7, 21, 3, '50000.00', '150000.00', '2022-09-05', '00:00:00', 1, 470),
(472, 7, 17, 2, '30000.00', '60000.00', '2022-09-05', '00:00:00', 1, 470),
(473, 7, 20, 1, '50000.00', '50000.00', '2022-09-05', '00:00:00', 1, 470),
(474, 7, 34, 3, '5000.00', '15000.00', '2022-09-05', '00:00:00', 1, 470),
(475, 7, 33, 2, '35000.00', '70000.00', '2022-09-05', '00:00:00', 1, 470),
(476, 7, 31, 1, '20000.00', '20000.00', '2022-09-05', '00:00:00', 1, 470),
(477, 7, 30, 1, '20000.00', '20000.00', '2022-09-05', '00:00:00', 1, 470),
(478, 7, 9, 1, '10000.00', '10000.00', '2022-09-05', '00:00:00', 1, 470),
(479, 7, 10, 1, '16000.00', '16000.00', '2022-09-05', '00:00:00', 1, 470),
(480, 7, 24, 1, '50000.00', '50000.00', '2022-09-05', '00:00:00', 1, 470),
(481, 12, 9, 3, '10000.00', '30000.00', '2022-09-05', '00:00:00', 1, 480),
(482, 12, 22, 2, '50000.00', '100000.00', '2022-09-05', '00:00:00', 1, 480),
(483, 12, 23, 1, '40000.00', '40000.00', '2022-09-05', '00:00:00', 1, 480),
(484, 12, 20, 3, '50000.00', '150000.00', '2022-09-05', '00:00:00', 1, 480),
(485, 10, 12, 3, '20000.00', '60000.00', '2022-09-05', '00:00:00', 1, 484),
(486, 10, 13, 3, '16000.00', '48000.00', '2022-09-05', '00:00:00', 1, 484),
(487, 10, 14, 4, '40000.00', '160000.00', '2022-09-05', '00:00:00', 1, 484),
(488, 10, 10, 1, '16000.00', '16000.00', '2022-09-05', '00:00:00', 1, 484),
(489, 10, 9, 1, '10000.00', '10000.00', '2022-09-05', '00:00:00', 1, 484),
(490, 10, 15, 1, '40000.00', '40000.00', '2022-09-05', '00:00:00', 1, 484),
(491, 10, 24, 1, '50000.00', '50000.00', '2022-09-05', '00:00:00', 1, 484),
(492, 10, 16, 2, '40000.00', '80000.00', '2022-09-05', '00:00:00', 1, 484),
(493, 10, 19, 1, '79000.00', '79000.00', '2022-09-05', '00:00:00', 1, 484),
(494, 4, 17, 2, '30000.00', '60000.00', '2022-09-05', '00:00:00', 1, 493),
(495, 4, 16, 1, '40000.00', '40000.00', '2022-09-05', '00:00:00', 1, 493),
(496, 4, 19, 3, '79000.00', '237000.00', '2022-09-05', '00:00:00', 1, 493),
(497, 11, 11, 1, '15000.00', '15000.00', '2022-09-05', '00:00:00', 1, 496),
(498, 11, 20, 1, '50000.00', '50000.00', '2022-09-05', '00:00:00', 1, 496),
(499, 11, 26, 2, '15000.00', '30000.00', '2022-09-05', '00:00:00', 1, 496),
(500, 11, 13, 3, '16000.00', '48000.00', '2022-09-05', '00:00:00', 1, 496),
(501, 11, 10, 1, '16000.00', '16000.00', '2022-09-05', '00:00:00', 1, 496),
(502, 11, 20, 2, '50000.00', '100000.00', '2022-09-05', '00:00:00', 1, 501),
(503, 11, 23, 4, '40000.00', '160000.00', '2022-09-05', '00:00:00', 1, 501),
(504, 10, 11, 2, '15000.00', '30000.00', '2022-09-05', '00:00:00', 1, 503),
(505, 12, 10, 1, '16000.00', '16000.00', '2022-09-05', '00:00:00', 1, 504),
(506, 7, 9, 1, '10000.00', '10000.00', '2022-09-05', '00:00:00', 1, 505),
(507, 7, 10, 3, '16000.00', '48000.00', '2022-09-05', '00:00:00', 1, 505),
(508, 7, 11, 2, '15000.00', '30000.00', '2022-09-05', '00:00:00', 1, 505),
(509, 7, 12, 3, '20000.00', '60000.00', '2022-09-05', '00:00:00', 1, 505),
(510, 7, 13, 1, '16000.00', '16000.00', '2022-09-05', '00:00:00', 1, 505),
(511, 4, 9, 4, '10000.00', '40000.00', '2022-09-05', '00:00:00', 1, 510),
(512, 4, 11, 3, '15000.00', '45000.00', '2022-09-05', '00:00:00', 1, 510),
(513, 4, 13, 3, '16000.00', '48000.00', '2022-09-05', '00:00:00', 1, 510),
(514, 4, 12, 1, '20000.00', '20000.00', '2022-09-05', '00:00:00', 1, 510),
(515, 4, 34, 3, '5000.00', '15000.00', '2022-09-05', '00:00:00', 1, 510),
(516, 12, 13, 1, '16000.00', '16000.00', '2022-09-06', '00:00:00', 1, 515),
(517, 12, 11, 1, '15000.00', '15000.00', '2022-09-06', '00:00:00', 1, 515),
(518, 12, 9, 2, '10000.00', '20000.00', '2022-09-06', '00:00:00', 1, 515),
(519, 12, 21, 3, '50000.00', '150000.00', '2022-09-06', '00:00:00', 1, 515),
(520, 8, 10, 1, '16000.00', '16000.00', '2022-09-06', '00:00:00', 1, 519),
(521, 8, 11, 1, '15000.00', '15000.00', '2022-09-06', '00:00:00', 1, 519),
(522, 8, 30, 3, '20000.00', '60000.00', '2022-09-06', '00:00:00', 1, 519),
(523, 8, 32, 1, '30000.00', '30000.00', '2022-09-06', '00:00:00', 1, 519),
(524, 8, 31, 1, '20000.00', '20000.00', '2022-09-06', '00:00:00', 1, 519),
(525, 10, 13, 5, '16000.00', '80000.00', '2022-09-06', '00:00:00', 1, 524),
(526, 10, 11, 3, '15000.00', '45000.00', '2022-09-06', '00:00:00', 1, 524),
(527, 10, 9, 1, '10000.00', '10000.00', '2022-09-06', '00:00:00', 1, 524),
(528, 11, 10, 3, '16000.00', '48000.00', '2022-09-06', '00:00:00', 1, 527),
(529, 11, 13, 2, '16000.00', '32000.00', '2022-09-06', '00:00:00', 1, 527),
(530, 5, 9, 1, '10000.00', '10000.00', '2022-09-06', '00:00:00', 1, 529),
(531, 5, 10, 1, '16000.00', '16000.00', '2022-09-06', '00:00:00', 1, 529),
(532, 5, 11, 1, '15000.00', '15000.00', '2022-09-06', '00:00:00', 1, 529),
(533, 5, 14, 1, '40000.00', '40000.00', '2022-09-06', '00:00:00', 1, 529),
(534, 5, 13, 3, '16000.00', '48000.00', '2022-09-06', '00:00:00', 1, 529),
(535, 8, 10, 2, '16000.00', '32000.00', '2022-09-06', '00:00:00', 1, 534),
(536, 5, 9, 1, '10000.00', '10000.00', '2022-09-06', '00:00:00', 1, 535),
(537, 5, 20, 1, '50000.00', '50000.00', '2022-09-06', '00:00:00', 1, 535),
(538, 5, 21, 3, '50000.00', '150000.00', '2022-09-06', '00:00:00', 1, 535),
(539, 5, 10, 1, '16000.00', '16000.00', '2022-09-06', '00:00:00', 1, 535),
(540, 8, 9, 1, '10000.00', '10000.00', '2022-09-06', '00:00:00', 1, 539),
(541, 8, 10, 1, '16000.00', '16000.00', '2022-09-06', '00:00:00', 1, 539),
(542, 8, 11, 2, '15000.00', '30000.00', '2022-09-06', '00:00:00', 1, 539),
(543, 7, 9, 1, '10000.00', '10000.00', '2022-09-06', '00:00:00', 1, 542),
(544, 5, 9, 3, '10000.00', '30000.00', '2022-09-06', '00:00:00', 1, 543),
(545, 2, 11, 4, '15000.00', '60000.00', '2022-09-06', '00:00:00', 1, 544),
(546, 2, 10, 1, '16000.00', '16000.00', '2022-09-06', '00:00:00', 1, 544),
(547, 2, 9, 1, '10000.00', '10000.00', '2022-09-06', '00:00:00', 1, 544),
(548, 2, 12, 1, '20000.00', '20000.00', '2022-09-06', '00:00:00', 1, 544),
(549, 1, 10, 1, '16000.00', '16000.00', '2022-09-06', '00:00:00', 1, 548),
(550, 1, 9, 2, '10000.00', '20000.00', '2022-09-06', '00:00:00', 1, 548),
(551, 1, 11, 1, '15000.00', '15000.00', '2022-09-06', '00:00:00', 1, 550),
(552, 1, 13, 2, '16000.00', '32000.00', '2022-09-06', '00:00:00', 1, 550),
(553, 1, 9, 2, '10000.00', '20000.00', '2022-09-06', '00:00:00', 1, 550),
(554, 3, 9, 1, '10000.00', '10000.00', '2022-09-06', '00:00:00', 1, 553),
(555, 3, 10, 1, '16000.00', '16000.00', '2022-09-06', '00:00:00', 1, 553),
(556, 3, 11, 3, '15000.00', '45000.00', '2022-09-06', '00:00:00', 1, 553),
(557, 2, 11, 3, '15000.00', '45000.00', '2022-09-13', '00:00:00', 1, 556),
(558, 2, 10, 1, '16000.00', '16000.00', '2022-09-13', '00:00:00', 1, 556),
(559, 2, 9, 1, '10000.00', '10000.00', '2022-09-13', '00:00:00', 1, 556),
(560, 2, 13, 1, '16000.00', '16000.00', '2022-09-13', '00:00:00', 1, 556),
(561, 3, 11, 2, '15000.00', '30000.00', '2022-09-26', '00:00:00', 1, 560),
(562, 3, 10, 1, '16000.00', '16000.00', '2022-09-26', '00:00:00', 1, 560),
(563, 3, 12, 2, '20000.00', '40000.00', '2022-09-26', '00:00:00', 1, 560),
(564, 3, 9, 9, '10000.00', '90000.00', '2022-09-26', '00:00:00', 1, 560),
(565, 5, 14, 1, '40000.00', '40000.00', '2022-09-26', '00:00:00', 1, 564),
(566, 5, 11, 1, '15000.00', '15000.00', '2022-09-26', '00:00:00', 1, 564),
(567, 5, 10, 4, '16000.00', '64000.00', '2022-09-26', '00:00:00', 1, 564),
(568, 2, 9, 9, '10000.00', '90000.00', '2022-09-26', '00:00:00', 1, 567),
(569, 1, 12, 4, '20000.00', '80000.00', '2022-09-26', '00:00:00', 1, 568),
(570, 11, 10, 1, '16000.00', '16000.00', '2022-09-26', '00:00:00', 1, 569),
(571, 11, 9, 4, '10000.00', '40000.00', '2022-09-26', '00:00:00', 1, 569),
(572, 11, 15, 1, '40000.00', '40000.00', '2022-09-26', '00:00:00', 1, 569),
(573, 11, 16, 1, '40000.00', '40000.00', '2022-09-26', '00:00:00', 1, 569),
(574, 11, 17, 1, '30000.00', '30000.00', '2022-09-26', '00:00:00', 1, 569),
(575, 11, 23, 1, '40000.00', '40000.00', '2022-09-26', '00:00:00', 1, 569),
(576, 3, 9, 3, '10000.00', '30000.00', '2022-09-26', '00:00:00', 1, 575),
(577, 3, 11, 1, '15000.00', '15000.00', '2022-09-26', '00:00:00', 1, 575),
(578, 3, 13, 2, '16000.00', '32000.00', '2022-09-26', '00:00:00', 1, 575),
(579, 5, 11, 1, '15000.00', '15000.00', '2022-09-26', '00:00:00', 1, 578),
(580, 5, 10, 1, '16000.00', '16000.00', '2022-09-29', '00:00:00', 1, 578),
(581, 5, 14, 1, '40000.00', '40000.00', '2022-09-29', '00:00:00', 1, 578),
(582, 5, 9, 10, '10000.00', '100000.00', '2022-09-30', '00:00:00', 1, 578),
(583, 3, 10, 1, '16000.00', '16000.00', '2022-09-27', '00:00:00', 1, 582),
(584, 3, 11, 2, '15000.00', '30000.00', '2022-09-27', '00:00:00', 1, 582),
(585, 3, 14, 1, '40000.00', '40000.00', '2022-09-27', '00:00:00', 1, 582),
(586, 3, 12, 3, '20000.00', '60000.00', '2022-09-27', '00:00:00', 1, 582),
(587, 8, 25, 1, '20000.00', '20000.00', '2022-09-28', '00:00:00', 1, 586),
(588, 8, 15, 3, '40000.00', '120000.00', '2022-09-28', '00:00:00', 1, 586),
(589, 4, 34, 3, '5000.00', '15000.00', '2022-09-28', '00:00:00', 1, 588),
(590, 4, 31, 1, '20000.00', '20000.00', '2022-09-28', '00:00:00', 1, 588),
(591, 4, 14, 6, '40000.00', '240000.00', '2022-09-28', '00:00:00', 1, 588),
(592, 4, 26, 2, '15000.00', '30000.00', '2022-09-28', '00:00:00', 1, 588),
(593, 6, 11, 4, '15000.00', '60000.00', '2022-09-28', '00:00:00', 1, 592),
(594, 11, 11, 1, '15000.00', '15000.00', '2022-09-28', '00:00:00', 1, 593),
(595, 3, 10, 3, '16000.00', '48000.00', '2022-09-28', '00:00:00', 1, 594),
(596, 3, 11, 1, '15000.00', '15000.00', '2022-09-28', '00:00:00', 1, 594),
(597, 3, 14, 12, '40000.00', '480000.00', '2022-09-28', '00:00:00', 1, 594),
(598, 3, 17, 2, '30000.00', '60000.00', '2022-09-28', '00:00:00', 1, 594),
(599, 2, 9, 1, '10000.00', '10000.00', '2022-09-28', '00:00:00', 1, 598),
(600, 2, 10, 1, '16000.00', '16000.00', '2022-09-28', '00:00:00', 1, 598),
(601, 2, 14, 3, '40000.00', '120000.00', '2022-09-28', '00:00:00', 1, 598),
(602, 3, 11, 2, '15000.00', '30000.00', '2022-09-28', '00:00:00', 1, 601),
(603, 3, 23, 1, '40000.00', '40000.00', '2022-09-28', '00:00:00', 1, 601),
(604, 3, 15, 4, '40000.00', '160000.00', '2022-09-28', '00:00:00', 1, 601),
(605, 1, 9, 84, '10000.00', '840000.00', '2022-09-28', '00:00:00', 1, 604),
(606, 1, 10, 12, '16000.00', '192000.00', '2022-09-28', '00:00:00', 1, 604),
(607, 1, 11, 53, '15000.00', '795000.00', '2022-09-28', '00:00:00', 1, 604),
(608, 1, 12, 21, '20000.00', '420000.00', '2022-09-28', '00:00:00', 1, 604),
(609, 1, 13, 6, '16000.00', '96000.00', '2022-09-28', '00:00:00', 1, 604),
(610, 1, 14, 18, '40000.00', '720000.00', '2022-09-28', '00:00:00', 1, 604),
(611, 1, 15, 4, '40000.00', '160000.00', '2022-09-28', '00:00:00', 1, 604),
(612, 1, 19, 1, '79000.00', '79000.00', '2022-09-28', '00:00:00', 1, 604),
(613, 1, 34, 9, '5000.00', '45000.00', '2022-09-28', '00:00:00', 1, 604),
(614, 1, 33, 2, '35000.00', '70000.00', '2022-09-28', '00:00:00', 1, 604),
(615, 1, 31, 9, '20000.00', '180000.00', '2022-09-28', '00:00:00', 1, 604),
(616, 1, 17, 7, '30000.00', '210000.00', '2022-09-28', '00:00:00', 1, 604),
(617, 1, 28, 1, '20000.00', '20000.00', '2022-09-28', '00:00:00', 1, 604),
(618, 1, 20, 1, '50000.00', '50000.00', '2022-09-28', '00:00:00', 1, 604),
(619, 1, 22, 1, '50000.00', '50000.00', '2022-09-28', '00:00:00', 1, 604),
(620, 1, 30, 28, '20000.00', '560000.00', '2022-09-28', '00:00:00', 1, 604),
(621, 1, 18, 1, '50000.00', '50000.00', '2022-09-28', '00:00:00', 1, 604),
(622, 3, 9, 3, '10000.00', '30000.00', '2022-09-28', '00:00:00', 1, 621),
(623, 3, 10, 1, '16000.00', '16000.00', '2022-09-28', '00:00:00', 1, 621),
(624, 3, 11, 2, '15000.00', '30000.00', '2022-09-28', '00:00:00', 1, 621),
(625, 3, 12, 2, '20000.00', '40000.00', '2022-09-28', '00:00:00', 1, 621),
(626, 3, 13, 2, '16000.00', '32000.00', '2022-09-28', '00:00:00', 1, 621),
(627, 3, 14, 2, '40000.00', '80000.00', '2022-09-28', '00:00:00', 1, 621),
(628, 3, 18, 2, '50000.00', '100000.00', '2022-09-28', '00:00:00', 1, 621),
(629, 3, 23, 2, '40000.00', '80000.00', '2022-09-28', '00:00:00', 1, 621),
(630, 3, 27, 2, '20000.00', '40000.00', '2022-09-28', '00:00:00', 1, 621),
(631, 3, 34, 6, '5000.00', '30000.00', '2022-09-28', '00:00:00', 1, 621),
(632, 3, 32, 3, '30000.00', '90000.00', '2022-09-28', '00:00:00', 1, 621),
(633, 3, 30, 1, '20000.00', '20000.00', '2022-09-28', '00:00:00', 1, 621),
(634, 3, 28, 2, '20000.00', '40000.00', '2022-09-28', '00:00:00', 1, 621),
(635, 3, 20, 1, '50000.00', '50000.00', '2022-09-28', '00:00:00', 1, 621),
(636, 3, 22, 1, '50000.00', '50000.00', '2022-09-28', '00:00:00', 1, 621),
(637, 3, 31, 1, '20000.00', '20000.00', '2022-09-28', '00:00:00', 1, 621),
(638, 3, 29, 1, '20000.00', '20000.00', '2022-09-28', '00:00:00', 1, 621),
(639, 3, 25, 1, '20000.00', '20000.00', '2022-09-28', '00:00:00', 1, 621),
(640, 3, 21, 1, '50000.00', '50000.00', '2022-09-28', '00:00:00', 1, 621),
(641, 3, 19, 1, '79000.00', '79000.00', '2022-09-28', '00:00:00', 1, 621),
(642, 3, 15, 1, '40000.00', '40000.00', '2022-09-28', '00:00:00', 1, 621),
(643, 3, 17, 1, '30000.00', '30000.00', '2022-09-28', '00:00:00', 1, 621),
(644, 3, 26, 1, '15000.00', '15000.00', '2022-09-28', '00:00:00', 1, 621),
(645, 4, 10, 1, '16000.00', '16000.00', '2022-09-28', '00:00:00', 1, 644),
(646, 3, 11, 1, '15000.00', '15000.00', '2022-09-28', '00:00:00', 1, 645),
(647, 2, 9, 1, '10000.00', '10000.00', '2022-09-28', '00:00:00', 1, 646),
(648, 2, 10, 1, '16000.00', '16000.00', '2022-09-28', '00:00:00', 1, 646),
(649, 2, 11, 15, '15000.00', '225000.00', '2022-09-28', '00:00:00', 1, 646),
(650, 3, 11, 35, '15000.00', '525000.00', '2022-09-28', '00:00:00', 1, 649),
(651, 3, 10, 1, '16000.00', '16000.00', '2022-09-28', '00:00:00', 1, 649),
(652, 3, 9, 1, '10000.00', '10000.00', '2022-09-28', '00:00:00', 1, 649),
(653, 3, 12, 1, '20000.00', '20000.00', '2022-09-28', '00:00:00', 1, 649),
(654, 3, 13, 1, '16000.00', '16000.00', '2022-09-28', '00:00:00', 1, 649),
(655, 3, 14, 1, '40000.00', '40000.00', '2022-09-28', '00:00:00', 1, 649),
(656, 3, 17, 2, '30000.00', '60000.00', '2022-09-28', '00:00:00', 1, 649),
(657, 3, 15, 1, '40000.00', '40000.00', '2022-09-28', '00:00:00', 1, 649),
(658, 3, 26, 2, '15000.00', '30000.00', '2022-09-28', '00:00:00', 1, 649),
(659, 5, 11, 1, '15000.00', '15000.00', '2022-09-28', '00:00:00', 1, 658),
(660, 5, 10, 1, '16000.00', '16000.00', '2022-09-28', '00:00:00', 1, 658),
(661, 5, 9, 1, '10000.00', '10000.00', '2022-09-28', '00:00:00', 1, 658),
(662, 5, 18, 1, '50000.00', '50000.00', '2022-09-28', '00:00:00', 1, 658),
(663, 5, 19, 4, '79000.00', '316000.00', '2022-09-28', '00:00:00', 1, 658),
(664, 7, 11, 1, '15000.00', '15000.00', '2022-09-28', '00:00:00', 1, 663),
(665, 4, 11, 1, '15000.00', '15000.00', '2022-09-28', '00:00:00', 1, 664),
(666, 4, 10, 1, '16000.00', '16000.00', '2022-09-28', '00:00:00', 1, 664),
(667, 4, 9, 1, '10000.00', '10000.00', '2022-09-28', '00:00:00', 1, 664),
(668, 11, 9, 4, '10000.00', '40000.00', '2022-09-28', '00:00:00', 1, 667),
(669, 10, 9, 1, '10000.00', '10000.00', '2022-09-28', '00:00:00', 1, 668),
(670, 12, 13, 5, '16000.00', '80000.00', '2022-09-28', '00:00:00', 1, 669),
(671, 2, 11, 1, '15000.00', '15000.00', '2022-09-28', '00:00:00', 1, 670),
(672, 2, 14, 2, '40000.00', '80000.00', '2022-09-28', '00:00:00', 1, 670),
(673, 4, 11, 10, '15000.00', '150000.00', '2022-09-28', '00:00:00', 1, 672),
(674, 4, 9, 3, '10000.00', '30000.00', '2022-09-28', '00:00:00', 1, 672),
(675, 4, 10, 2, '16000.00', '32000.00', '2022-09-28', '00:00:00', 1, 672),
(676, 8, 9, 1, '10000.00', '10000.00', '2022-09-28', '00:00:00', 1, 675),
(677, 6, 9, 1, '10000.00', '10000.00', '2022-09-28', '00:00:00', 1, 676),
(678, 6, 11, 3, '15000.00', '45000.00', '2022-09-28', '00:00:00', 1, 676),
(679, 6, 14, 2, '40000.00', '80000.00', '2022-09-28', '00:00:00', 1, 676),
(680, 6, 17, 1, '30000.00', '30000.00', '2022-09-28', '00:00:00', 1, 676),
(681, 3, 14, 1, '40000.00', '40000.00', '2022-09-28', '00:00:00', 1, 680),
(682, 3, 11, 1, '15000.00', '15000.00', '2022-09-28', '00:00:00', 1, 680),
(683, 3, 10, 1, '16000.00', '16000.00', '2022-09-28', '00:00:00', 1, 680),
(684, 3, 9, 6, '10000.00', '60000.00', '2022-09-28', '00:00:00', 1, 680),
(685, 7, 11, 1, '15000.00', '15000.00', '2022-09-28', '00:00:00', 1, 684),
(686, 10, 34, 10, '5000.00', '50000.00', '2022-09-28', '00:00:00', 1, 685),
(687, 9, 9, 1, '10000.00', '10000.00', '2022-09-28', '00:00:00', 1, 686),
(688, 5, 11, 1, '15000.00', '15000.00', '2022-09-28', '00:00:00', 1, 687),
(689, 5, 14, 3, '40000.00', '120000.00', '2022-09-28', '00:00:00', 1, 687),
(690, 6, 13, 5, '16000.00', '80000.00', '2022-09-29', '00:00:00', 1, 689),
(691, 6, 14, 3, '40000.00', '120000.00', '2022-09-29', '00:00:00', 1, 689),
(692, 6, 9, 3, '10000.00', '30000.00', '2022-09-29', '00:00:00', 1, 689),
(693, 5, 9, 2, '10000.00', '20000.00', '2022-09-29', '00:00:00', 1, 692),
(694, 5, 10, 17, '16000.00', '272000.00', '2022-09-29', '00:00:00', 1, 692),
(695, 5, 11, 1, '15000.00', '15000.00', '2022-09-29', '00:00:00', 1, 692),
(696, 5, 16, 3, '40000.00', '120000.00', '2022-09-29', '00:00:00', 1, 692),
(697, 3, 10, 1, '16000.00', '16000.00', '2022-09-30', '14:19:00', 1, 696),
(698, 2, 9, 1, '10000.00', '10000.00', '2022-09-30', '14:05:00', 1, 697),
(699, 2, 11, 1, '15000.00', '15000.00', '2022-09-30', '14:27:00', 1, 698),
(700, 2, 10, 3, '16000.00', '48000.00', '2022-09-30', '14:45:00', 1, 699),
(701, 2, 11, 2, '15000.00', '30000.00', '2022-09-30', '14:45:00', 1, 699),
(702, 2, 9, 8, '10000.00', '80000.00', '2022-09-30', '14:45:00', 1, 699),
(703, 2, 11, 3, '15000.00', '45000.00', '2022-09-30', '15:19:00', 1, 702),
(704, 2, 9, 11, '150000.00', '1650000.00', '2022-09-30', '15:19:00', 1, 702),
(705, 2, 13, 2, '16000.00', '32000.00', '2022-09-30', '15:19:00', 1, 702),
(706, 2, 34, 1, '5000.00', '5000.00', '2022-09-30', '15:19:00', 1, 702),
(707, 2, 12, 1, '20000.00', '20000.00', '2022-09-30', '15:19:00', 1, 702),
(708, 2, 10, 1, '16000.00', '16000.00', '2022-09-30', '15:19:00', 1, 702),
(709, 2, 11, 3, '15000.00', '45000.00', '2022-09-30', '16:26:00', 1, 708),
(710, 3, 10, 1, '16000.00', '16000.00', '2022-09-30', '17:02:00', 1, 709),
(711, 3, 9, 7, '150000.00', '1050000.00', '2022-09-30', '17:02:00', 1, 709),
(712, 3, 13, 1, '16000.00', '16000.00', '2022-09-30', '17:02:00', 1, 709),
(713, 4, 10, 1, '16000.00', '16000.00', '2022-10-01', '10:06:00', 1, 712),
(714, 4, 11, 1, '15000.00', '15000.00', '2022-10-01', '10:06:00', 1, 712),
(715, 2, 9, 4, '150000.00', '600000.00', '2022-10-01', '10:07:00', 1, 714),
(716, 2, 10, 4, '16000.00', '64000.00', '2022-10-01', '10:07:00', 1, 714),
(717, 2, 11, 1, '15000.00', '15000.00', '2022-10-01', '10:07:00', 1, 714),
(718, 2, 14, 1, '40000.00', '40000.00', '2022-10-01', '10:07:00', 1, 714),
(719, 2, 17, 1, '30000.00', '30000.00', '2022-10-01', '10:07:00', 1, 714),
(720, 2, 16, 1, '40000.00', '40000.00', '2022-10-01', '10:07:00', 1, 714),
(721, 3, 10, 3, '16000.00', '48000.00', '2022-10-03', '10:05:00', 1, 720),
(722, 3, 11, 1, '15000.00', '15000.00', '2022-10-03', '10:05:00', 1, 720),
(723, 3, 14, 1, '40000.00', '40000.00', '2022-10-03', '10:05:00', 1, 720),
(724, 7, 12, 1, '20000.00', '20000.00', '2022-10-03', '10:05:00', 1, 723),
(725, 7, 13, 1, '16000.00', '16000.00', '2022-10-03', '10:05:00', 1, 723),
(726, 7, 11, 1, '15000.00', '15000.00', '2022-10-03', '10:05:00', 1, 723),
(727, 7, 14, 1, '40000.00', '40000.00', '2022-10-03', '10:05:00', 1, 723),
(728, 4, 11, 6, '15000.00', '90000.00', '2022-10-03', '10:05:00', 1, 727),
(729, 4, 10, 1, '16000.00', '16000.00', '2022-10-03', '10:05:00', 1, 727),
(730, 4, 13, 1, '16000.00', '16000.00', '2022-10-03', '10:05:00', 1, 727),
(731, 4, 14, 1, '40000.00', '40000.00', '2022-10-03', '10:05:00', 1, 727);

-- --------------------------------------------------------

--
-- Table structure for table `tables`
--

CREATE TABLE `tables` (
  `id` int(11) NOT NULL,
  `name` varchar(255) NOT NULL,
  `status` int(11) NOT NULL,
  `sheet` int(11) NOT NULL,
  `user_id` int(11) NOT NULL
) ENGINE=InnoDB DEFAULT CHARSET=utf8;

--
-- Dumping data for table `tables`
--

INSERT INTO `tables` (`id`, `name`, `status`, `sheet`, `user_id`) VALUES
(1, 'ໂຕະ 01', 1, 4, 1),
(2, 'ໂຕະ 02', 0, 4, 1),
(3, 'ໂຕະ 03', 0, 4, 1),
(4, 'ໂຕະ 04', 0, 4, 1),
(5, 'ໂຕະ 05', 0, 4, 1),
(6, 'ຕູບ 01', 0, 6, 1),
(7, 'ຕູບ 02', 0, 6, 1),
(8, 'ຕູບ 03', 0, 6, 1),
(9, 'ຕູບ 04', 0, 6, 1),
(10, 'ຕູບ 05', 0, 6, 1),
(11, 'ຕູບ 06', 0, 6, 1),
(12, 'ຕູບ 07', 0, 6, 1);

-- --------------------------------------------------------

--
-- Table structure for table `user`
--

CREATE TABLE `user` (
  `id` int(11) NOT NULL,
  `username` varchar(255) COLLATE utf8_unicode_ci NOT NULL,
  `auth_key` varchar(32) COLLATE utf8_unicode_ci NOT NULL,
  `password_hash` varchar(255) COLLATE utf8_unicode_ci NOT NULL,
  `password_reset_token` varchar(255) COLLATE utf8_unicode_ci DEFAULT NULL,
  `email` varchar(255) COLLATE utf8_unicode_ci NOT NULL,
  `status` smallint(6) NOT NULL DEFAULT 10,
  `created_at` int(11) NOT NULL,
  `updated_at` int(11) NOT NULL,
  `verification_token` varchar(255) COLLATE utf8_unicode_ci DEFAULT NULL
) ENGINE=InnoDB DEFAULT CHARSET=utf8 COLLATE=utf8_unicode_ci;

--
-- Dumping data for table `user`
--

INSERT INTO `user` (`id`, `username`, `auth_key`, `password_hash`, `password_reset_token`, `email`, `status`, `created_at`, `updated_at`, `verification_token`) VALUES
(1, 'jlarmany', '5HrZNytzDl4O3ycW1gpkXxB4dLHRNW4w', '$2y$13$tEVHP.eOTxECGqC0eG6OcOse.HsDXfJC6ONWgmmUdr.OOdP4FSmqq', NULL, 'jacklarmany@gmail.com', 10, 1641477438, 1641477510, '-UC9qfSZ1mPJfB4isLpaODjnEq8I8H22_1641477438');

--
-- Indexes for dumped tables
--

--
-- Indexes for table `categories`
--
ALTER TABLE `categories`
  ADD PRIMARY KEY (`id`);

--
-- Indexes for table `language`
--
ALTER TABLE `language`
  ADD PRIMARY KEY (`language_id`) USING BTREE;

--
-- Indexes for table `language_source`
--
ALTER TABLE `language_source`
  ADD PRIMARY KEY (`id`) USING BTREE;

--
-- Indexes for table `language_translate`
--
ALTER TABLE `language_translate`
  ADD PRIMARY KEY (`id`,`language`) USING BTREE,
  ADD KEY `language_translate_idx_language` (`language`) USING BTREE;

--
-- Indexes for table `menu`
--
ALTER TABLE `menu`
  ADD PRIMARY KEY (`id`),
  ADD KEY `categories_id` (`categories_id`);

--
-- Indexes for table `migration`
--
ALTER TABLE `migration`
  ADD PRIMARY KEY (`version`);

--
-- Indexes for table `prepare_menu`
--
ALTER TABLE `prepare_menu`
  ADD PRIMARY KEY (`id`),
  ADD KEY `menu_id` (`menu_id`),
  ADD KEY `table_id` (`table_id`) USING BTREE;

--
-- Indexes for table `purchase`
--
ALTER TABLE `purchase`
  ADD PRIMARY KEY (`id`),
  ADD KEY `menu_id` (`menu_id`);

--
-- Indexes for table `sale`
--
ALTER TABLE `sale`
  ADD PRIMARY KEY (`id`),
  ADD KEY `table_id` (`table_id`),
  ADD KEY `menu_id` (`menu_id`);

--
-- Indexes for table `tables`
--
ALTER TABLE `tables`
  ADD PRIMARY KEY (`id`);

--
-- Indexes for table `user`
--
ALTER TABLE `user`
  ADD PRIMARY KEY (`id`),
  ADD UNIQUE KEY `username` (`username`),
  ADD UNIQUE KEY `email` (`email`),
  ADD UNIQUE KEY `password_reset_token` (`password_reset_token`);

--
-- AUTO_INCREMENT for dumped tables
--

--
-- AUTO_INCREMENT for table `categories`
--
ALTER TABLE `categories`
  MODIFY `id` int(11) NOT NULL AUTO_INCREMENT, AUTO_INCREMENT=8;

--
-- AUTO_INCREMENT for table `language_source`
--
ALTER TABLE `language_source`
  MODIFY `id` int(11) NOT NULL AUTO_INCREMENT COMMENT 'Primary key of table is auto increment', AUTO_INCREMENT=2309;

--
-- AUTO_INCREMENT for table `menu`
--
ALTER TABLE `menu`
  MODIFY `id` int(11) NOT NULL AUTO_INCREMENT, AUTO_INCREMENT=35;

--
-- AUTO_INCREMENT for table `prepare_menu`
--
ALTER TABLE `prepare_menu`
  MODIFY `id` int(11) NOT NULL AUTO_INCREMENT, AUTO_INCREMENT=913;

--
-- AUTO_INCREMENT for table `purchase`
--
ALTER TABLE `purchase`
  MODIFY `id` int(11) NOT NULL AUTO_INCREMENT, AUTO_INCREMENT=58;

--
-- AUTO_INCREMENT for table `sale`
--
ALTER TABLE `sale`
  MODIFY `id` int(25) NOT NULL AUTO_INCREMENT, AUTO_INCREMENT=732;

--
-- AUTO_INCREMENT for table `tables`
--
ALTER TABLE `tables`
  MODIFY `id` int(11) NOT NULL AUTO_INCREMENT, AUTO_INCREMENT=13;

--
-- AUTO_INCREMENT for table `user`
--
ALTER TABLE `user`
  MODIFY `id` int(11) NOT NULL AUTO_INCREMENT, AUTO_INCREMENT=2;

--
-- Constraints for dumped tables
--

--
-- Constraints for table `language_translate`
--
ALTER TABLE `language_translate`
  ADD CONSTRAINT `language_translate_ibfk_1` FOREIGN KEY (`language`) REFERENCES `language` (`language_id`) ON DELETE CASCADE ON UPDATE CASCADE,
  ADD CONSTRAINT `language_translate_ibfk_2` FOREIGN KEY (`id`) REFERENCES `language_source` (`id`) ON DELETE CASCADE ON UPDATE CASCADE;

--
-- Constraints for table `menu`
--
ALTER TABLE `menu`
  ADD CONSTRAINT `menu_ibfk_1` FOREIGN KEY (`categories_id`) REFERENCES `categories` (`id`);

--
-- Constraints for table `prepare_menu`
--
ALTER TABLE `prepare_menu`
  ADD CONSTRAINT `prepare_menu_ibfk_1` FOREIGN KEY (`menu_id`) REFERENCES `menu` (`id`),
  ADD CONSTRAINT `prepare_menu_ibfk_2` FOREIGN KEY (`table_id`) REFERENCES `tables` (`id`);

--
-- Constraints for table `sale`
--
ALTER TABLE `sale`
  ADD CONSTRAINT `sale_ibfk_1` FOREIGN KEY (`table_id`) REFERENCES `tables` (`id`),
  ADD CONSTRAINT `sale_ibfk_2` FOREIGN KEY (`menu_id`) REFERENCES `menu` (`id`);
COMMIT;

/*!40101 SET CHARACTER_SET_CLIENT=@OLD_CHARACTER_SET_CLIENT */;
/*!40101 SET CHARACTER_SET_RESULTS=@OLD_CHARACTER_SET_RESULTS */;
/*!40101 SET COLLATION_CONNECTION=@OLD_COLLATION_CONNECTION */;
